card_id,card,number,set,rarity,market,fetch_sold_30d,fetch_sales_30d,image,fetch_url,basket_source,basket_seller,basket_price,basket_listing
poke_mpb-116:084_SIR_standard_holo,Mega Darkrai ex,116/084,Pitch Black,Special Illustration Rare,222.93,,0,https://card-images.fetchtcg.com/poke/4687/large/poke_mpb-116:084_SIR_standard_holo.png,https://www.fetchtcg.com/cards/poke_mpb-116:084_SIR_standard_holo,Fetch,Ggstrathpine,222.86,999434
poke_mpb-120:084_MHR_standard_holo,Mega Darkrai ex,120/084,Pitch Black,Mega Hyper Rare,199.94,,0,https://card-images.fetchtcg.com/poke/4687/large/poke_mpb-120:084_MHR_standard_holo.png,https://www.fetchtcg.com/cards/poke_mpb-120:084_MHR_standard_holo,Fetch,DarkWolfCollectibles,199.94,1582196
poke_mpb-114:084_SIR_standard_holo,Mega Zeraora ex,114/084,Pitch Black,Special Illustration Rare,61.11,,0,https://card-images.fetchtcg.com/poke/4687/large/poke_mpb-114:084_SIR_standard_holo.png,https://www.fetchtcg.com/cards/poke_mpb-114:084_SIR_standard_holo,eBay AU,conscollectorzone,70.0,ebay:v1|377547275762|0
poke_mpb-119:084_SIR_standard_holo,Gwynn,119/084,Pitch Black,Special Illustration Rare,38.78,,0,https://card-images.fetchtcg.com/poke/4687/large/poke_mpb-119:084_SIR_standard_holo.png,https://www.fetchtcg.com/cards/poke_mpb-119:084_SIR_standard_holo,eBay AU,de_graaff,59.0,ebay:v1|298733915094|0
poke_mpb-118:084_SIR_standard_holo,Gladion's Final Battle,118/084,Pitch Black,Special Illustration Rare,36.71,,0,https://card-images.fetchtcg.com/poke/4687/large/poke_mpb-118:084_SIR_standard_holo.png,https://www.fetchtcg.com/cards/poke_mpb-118:084_SIR_standard_holo,Fetch,HoroCards,36.7,1563860
poke_mpb-109:084_UR_standard_holo,Gwynn,109/084,Pitch Black,Ultra Rare,9.79,10.27,14,https://card-images.fetchtcg.com/poke/4687/large/poke_mpb-109:084_UR_standard_holo.png,https://www.fetchtcg.com/cards/poke_mpb-109:084_UR_standard_holo,eBay AU,pokemon_life,14.88,ebay:v1|227557606492|0
poke_mpb-097:084_UR_standard_holo,Wailord ex,097/084,Pitch Black,Ultra Rare,5.62,6.22,9,https://card-images.fetchtcg.com/poke/4687/large/poke_mpb-097:084_UR_standard_holo.png,https://www.fetchtcg.com/cards/poke_mpb-097:084_UR_standard_holo,eBay AU,mira-5629,5.23,ebay:v1|920023126677|0
poke_mpb-102:084_UR_standard_holo,Morpeko ex,102/084,Pitch Black,Ultra Rare,5.18,6.46,10,https://card-images.fetchtcg.com/poke/4687/large/poke_mpb-102:084_UR_standard_holo.png,https://www.fetchtcg.com/cards/poke_mpb-102:084_UR_standard_holo,eBay AU,aimzmellford46,12.5,ebay:v1|840000931962|0
poke_mpb-106:084_UR_standard_holo,Dark Bell,106/084,Pitch Black,Ultra Rare,2.5,2.86,6,https://card-images.fetchtcg.com/poke/4687/large/poke_mpb-106:084_UR_standard_holo.png,https://www.fetchtcg.com/cards/poke_mpb-106:084_UR_standard_holo,eBay AU,clam_95,8.0,ebay:v1|237115392657|0
poke_mpb-059:084_R_standard_rev-holo,Chi-Yu,059/084,Pitch Black,Rare,0.43,0.3,11,https://card-images.fetchtcg.com/poke/4687/large/poke_mpb-059:084_R_standard_rev-holo.png,https://www.fetchtcg.com/cards/poke_mpb-059:084_R_standard_rev-holo,eBay AU,steffysteffy,2.32,ebay:v1|860010003490|0
poke_mcr-116:086_SIR_standard_holo,Mega Greninja ex,116/086,Chaos Rising,Special Illustration Rare,190.29,,0,https://card-images.fetchtcg.com/poke/4657/large/poke_mcr-116:086_SIR_standard_holo.png,https://www.fetchtcg.com/cards/poke_mcr-116:086_SIR_standard_holo,eBay AU,jabr72022,289.0,ebay:v1|137798948034|0
poke_mcr-122:086_MHR_standard_holo,Mega Greninja ex,122/086,Chaos Rising,Mega Hyper Rare,281.89,,0,https://card-images.fetchtcg.com/poke/4657/large/poke_mcr-122:086_MHR_standard_holo.png,https://www.fetchtcg.com/cards/poke_mcr-122:086_MHR_standard_holo,Fetch,Ggstrathpine,281.8,1334618
