card_id,card_label,listing_id,source,seller,item_price,postage,landed,listed_at,url,deal,in_basket
poke_mcr-116:086_SIR_standard_holo,Mega Greninja ex 116/086,ebay:v1|137798948034|0,eBay AU,jabr72022,289.0,0,289.0,,https://www.ebay.com.au/itm/137798948034,,Yes
poke_mcr-116:086_SIR_standard_holo,Mega Greninja ex 116/086,ebay:v1|227493059228|0,eBay AU,treasured_collectables,300.0,0,300.0,,https://www.ebay.com.au/itm/227493059228,,
poke_mcr-116:086_SIR_standard_holo,Mega Greninja ex 116/086,ebay:v1|147581076085|0,eBay AU,djbunnieb,297.5,6.0,303.5,,https://www.ebay.com.au/itm/147581076085,,
poke_mcr-116:086_SIR_standard_holo,Mega Greninja ex 116/086,ebay:v1|147576598790|0,eBay AU,tcgkitten,303.99,0,303.99,,https://www.ebay.com.au/itm/147576598790,,
poke_mcr-116:086_SIR_standard_holo,Mega Greninja ex 116/086,ebay:v1|398413541681|0,eBay AU,loveballcollectables,300.0,5.0,305.0,,https://www.ebay.com.au/itm/398413541681,,
poke_mcr-116:086_SIR_standard_holo,Mega Greninja ex 116/086,ebay:v1|366721675514|0,eBay AU,ron-564972,300.0,5.0,305.0,,https://www.ebay.com.au/itm/366721675514,,
poke_mcr-116:086_SIR_standard_holo,Mega Greninja ex 116/086,946593,Fetch,cardden,300.0,6.0,306.0,2026-07-21,https://www.fetchtcg.com/cards/poke_mcr-116:086_SIR_standard_holo,,
poke_mcr-116:086_SIR_standard_holo,Mega Greninja ex 116/086,ebay:v1|178513070581|0,eBay AU,hubert.collective,299.99,6.17,306.16,,https://www.ebay.com.au/itm/178513070581,,
poke_mcr-116:086_SIR_standard_holo,Mega Greninja ex 116/086,ebay:v1|287494795826|0,eBay AU,apollon_92,309.0,0,309.0,,https://www.ebay.com.au/itm/287494795826,,
poke_mcr-116:086_SIR_standard_holo,Mega Greninja ex 116/086,ebay:v1|257766619155|0,eBay AU,cleggycards,310.0,0,310.0,,https://www.ebay.com.au/itm/257766619155,,
poke_mcr-116:086_SIR_standard_holo,Mega Greninja ex 116/086,ebay:v1|407240587853|0,eBay AU,jaseman_45,307.04,3.99,311.03,,https://www.ebay.com.au/itm/407240587853,,
poke_mcr-122:086_MHR_standard_holo,Mega Greninja ex 122/086,1334618,Fetch,Ggstrathpine,281.8,6.0,287.8,2026-09-12,https://www.fetchtcg.com/cards/poke_mcr-122:086_MHR_standard_holo,Yes,Yes
poke_mcr-122:086_MHR_standard_holo,Mega Greninja ex 122/086,ebay:v1|267717868178|0,eBay AU,popriv666,297.5,0,297.5,,https://www.ebay.com.au/itm/267717868178,,
poke_mcr-122:086_MHR_standard_holo,Mega Greninja ex 122/086,ebay:v1|168767332654|0,eBay AU,incagold2014,300.0,7.3,307.3,,https://www.ebay.com.au/itm/168767332654,,
poke_mcr-122:086_MHR_standard_holo,Mega Greninja ex 122/086,ebay:v1|327317277151|0,eBay AU,adelaide_kard_kaos,309.0,1.5,310.5,,https://www.ebay.com.au/itm/327317277151,,
poke_mcr-122:086_MHR_standard_holo,Mega Greninja ex 122/086,ebay:v1|920013015847|0,eBay AU,daneg_3928,305.0,7.5,312.5,,https://www.ebay.com.au/itm/920013015847,,
poke_mcr-122:086_MHR_standard_holo,Mega Greninja ex 122/086,ebay:v1|147542240778|0,eBay AU,auswide_trading_cards,317.64,0,317.64,,https://www.ebay.com.au/itm/147542240778,,
poke_mcr-122:086_MHR_standard_holo,Mega Greninja ex 122/086,ebay:v1|147625406604|0,eBay AU,baileysellsmiscellaneous,329.99,5.5,335.49,,https://www.ebay.com.au/itm/147625406604,,
poke_mcr-122:086_MHR_standard_holo,Mega Greninja ex 122/086,ebay:v1|158378856879|0,eBay AU,taylojohn1,318.7,20.0,338.7,,https://www.ebay.com.au/itm/158378856879,,
poke_mcr-122:086_MHR_standard_holo,Mega Greninja ex 122/086,ebay:v1|366568254282|0,eBay AU,fiai1981,349.99,0,349.99,,https://www.ebay.com.au/itm/366568254282,,
poke_mcr-122:086_MHR_standard_holo,Mega Greninja ex 122/086,ebay:v1|188848534218|0,eBay AU,jempdcollectables,340.0,10.0,350.0,,https://www.ebay.com.au/itm/188848534218,,
poke_mcr-122:086_MHR_standard_holo,Mega Greninja ex 122/086,ebay:v1|128102359033|0,eBay AU,house_of_cards_n_co,365.0,0,365.0,,https://www.ebay.com.au/itm/128102359033,,
poke_mpb-059:084_R_standard_rev-holo,Chi-Yu 059/084,ebay:v1|860010003490|0,eBay AU,steffysteffy,2.32,0,2.32,,https://www.ebay.com.au/itm/860010003490,,Yes
poke_mpb-059:084_R_standard_rev-holo,Chi-Yu 059/084,ebay:v1|206610849500|0,eBay AU,jbr_exclusive,2.4,0,2.4,,https://www.ebay.com.au/itm/206610849500,,
poke_mpb-059:084_R_standard_rev-holo,Chi-Yu 059/084,1419657,Fetch,Remer,0.15,6.0,6.15,2026-09-24,https://www.fetchtcg.com/cards/poke_mpb-059:084_R_standard_rev-holo,,
poke_mpb-059:084_R_standard_rev-holo,Chi-Yu 059/084,915225,Fetch,Kareshiasu,0.25,6.0,6.25,2026-07-17,https://www.fetchtcg.com/cards/poke_mpb-059:084_R_standard_rev-holo,,
poke_mpb-059:084_R_standard_rev-holo,Chi-Yu 059/084,1407361,Fetch,DREAMTCG,0.29,6.0,6.29,2026-09-22,https://www.fetchtcg.com/cards/poke_mpb-059:084_R_standard_rev-holo,,
poke_mpb-059:084_R_standard_rev-holo,Chi-Yu 059/084,1086867,Fetch,Spud13,0.36,6.0,6.36,2026-08-07,https://www.fetchtcg.com/cards/poke_mpb-059:084_R_standard_rev-holo,,
poke_mpb-059:084_R_standard_rev-holo,Chi-Yu 059/084,1523578,Fetch,Pmack84,0.42,6.0,6.42,2026-10-03,https://www.fetchtcg.com/cards/poke_mpb-059:084_R_standard_rev-holo,,
poke_mpb-059:084_R_standard_rev-holo,Chi-Yu 059/084,1539094,Fetch,KL_Card_Co,0.43,6.0,6.43,2026-10-05,https://www.fetchtcg.com/cards/poke_mpb-059:084_R_standard_rev-holo,,
poke_mpb-059:084_R_standard_rev-holo,Chi-Yu 059/084,1093930,Fetch,HoneyMagic,0.84,6.0,6.84,2026-08-08,https://www.fetchtcg.com/cards/poke_mpb-059:084_R_standard_rev-holo,,
poke_mpb-059:084_R_standard_rev-holo,Chi-Yu 059/084,store:Good Games,Good Games,Good Games,0.75,10.0,10.75,,https://tcg.goodgames.com.au/search?q=Chi-Yu+059%2F084,,
poke_mpb-097:084_UR_standard_holo,Wailord ex 097/084,ebay:v1|920023126677|0,eBay AU,mira-5629,5.23,0,5.23,,https://www.ebay.com.au/itm/920023126677,Yes,Yes
poke_mpb-097:084_UR_standard_holo,Wailord ex 097/084,899337,Fetch,offthecuff_collects,5.67,2.8,8.47,2026-07-15,https://www.fetchtcg.com/cards/poke_mpb-097:084_UR_standard_holo,,
poke_mpb-097:084_UR_standard_holo,Wailord ex 097/084,ebay:v1|377343240814|0,eBay AU,muzos99,10.0,3.0,13.0,,https://www.ebay.com.au/itm/377343240814,,
poke_mpb-097:084_UR_standard_holo,Wailord ex 097/084,ebay:v1|128037174666|0,eBay AU,calant_70,11.19,2.95,14.14,,https://www.ebay.com.au/itm/128037174666,,
poke_mpb-097:084_UR_standard_holo,Wailord ex 097/084,ebay:v1|189061376225|0,eBay AU,chasingfireco,14.99,0,14.99,,https://www.ebay.com.au/itm/189061376225,,
poke_mpb-097:084_UR_standard_holo,Wailord ex 097/084,ebay:v1|407269347272|0,eBay AU,thegambit187,11.09,5.0,16.09,,https://www.ebay.com.au/itm/407269347272,,
poke_mpb-097:084_UR_standard_holo,Wailord ex 097/084,ebay:v1|377388802565|0,eBay AU,kenjamin22,12.18,4.0,16.18,,https://www.ebay.com.au/itm/377388802565,,
poke_mpb-097:084_UR_standard_holo,Wailord ex 097/084,ebay:v1|117421768256|0,eBay AU,humdogx,13.99,5.85,19.84,,https://www.ebay.com.au/itm/117421768256,,
poke_mpb-097:084_UR_standard_holo,Wailord ex 097/084,ebay:v1|267738861194|0,eBay AU,ssjcollectables,15.0,6.95,21.95,,https://www.ebay.com.au/itm/267738861194,,
poke_mpb-102:084_UR_standard_holo,Morpeko ex 102/084,ebay:v1|840000931962|0,eBay AU,aimzmellford46,12.5,0,12.5,,https://www.ebay.com.au/itm/840000931962,,Yes
poke_mpb-102:084_UR_standard_holo,Morpeko ex 102/084,ebay:v1|257775735626|0,eBay AU,sabrow.1388,12.49,2.0,14.49,,https://www.ebay.com.au/itm/257775735626,,
poke_mpb-102:084_UR_standard_holo,Morpeko ex 102/084,ebay:v1|137799829310|0,eBay AU,dadztcgstore,14.5,0,14.5,,https://www.ebay.com.au/itm/137799829310,,
poke_mpb-102:084_UR_standard_holo,Morpeko ex 102/084,ebay:v1|336829061049|0,eBay AU,pokeballhaul,14.55,0,14.55,,https://www.ebay.com.au/itm/336829061049,,
poke_mpb-102:084_UR_standard_holo,Morpeko ex 102/084,ebay:v1|188972772901|0,eBay AU,hello_people_goodbye,13.0,1.7,14.7,,https://www.ebay.com.au/itm/188972772901,,
poke_mpb-102:084_UR_standard_holo,Morpeko ex 102/084,ebay:v1|920013193315|0,eBay AU,gotcha_collectables,14.9,0,14.9,,https://www.ebay.com.au/itm/920013193315,,
poke_mpb-102:084_UR_standard_holo,Morpeko ex 102/084,ebay:v1|318934207489|0,eBay AU,dg_tcg,14.95,0,14.95,,https://www.ebay.com.au/itm/318934207489,,
poke_mpb-102:084_UR_standard_holo,Morpeko ex 102/084,ebay:v1|366697997750|0,eBay AU,fiai1981,14.99,0,14.99,,https://www.ebay.com.au/itm/366697997750,,
poke_mpb-102:084_UR_standard_holo,Morpeko ex 102/084,ebay:v1|128068121782|0,eBay AU,mathew.c,14.0,2.0,16.0,,https://www.ebay.com.au/itm/128068121782,,
poke_mpb-102:084_UR_standard_holo,Morpeko ex 102/084,ebay:v1|800736574435|0,eBay AU,paigecards,14.0,2.0,16.0,,https://www.ebay.com.au/itm/800736574435,,
poke_mpb-102:084_UR_standard_holo,Morpeko ex 102/084,1086951,Fetch,Spud13,15.0,6.0,21.0,2026-08-07,https://www.fetchtcg.com/cards/poke_mpb-102:084_UR_standard_holo,,
poke_mpb-106:084_UR_standard_holo,Dark Bell 106/084,ebay:v1|237115392657|0,eBay AU,clam_95,8.0,0,8.0,,https://www.ebay.com.au/itm/237115392657,,Yes
poke_mpb-106:084_UR_standard_holo,Dark Bell 106/084,1360692,Fetch,DENZYGEE,2.5,6.0,8.5,2026-09-17,https://www.fetchtcg.com/cards/poke_mpb-106:084_UR_standard_holo,Yes,
poke_mpb-106:084_UR_standard_holo,Dark Bell 106/084,ebay:v1|298682805577|0,eBay AU,atarl_cards,8.99,0,8.99,,https://www.ebay.com.au/itm/298682805577,,
poke_mpb-106:084_UR_standard_holo,Dark Bell 106/084,ebay:v1|800729088682|0,eBay AU,bricklegacyaus,8.99,0,8.99,,https://www.ebay.com.au/itm/800729088682,,
poke_mpb-106:084_UR_standard_holo,Dark Bell 106/084,ebay:v1|377534733093|0,eBay AU,tcg_house_rippers,7.5,1.7,9.2,,https://www.ebay.com.au/itm/377534733093,,
poke_mpb-106:084_UR_standard_holo,Dark Bell 106/084,ebay:v1|227557905377|0,eBay AU,seriannicollections,7.99,1.7,9.69,,https://www.ebay.com.au/itm/227557905377,,
poke_mpb-106:084_UR_standard_holo,Dark Bell 106/084,ebay:v1|407267076578|0,eBay AU,borrowed-by-team-rocket,9.72,0,9.72,,https://www.ebay.com.au/itm/407267076578,,
poke_mpb-106:084_UR_standard_holo,Dark Bell 106/084,ebay:v1|366687818898|0,eBay AU,fiai1981,9.9,0,9.9,,https://www.ebay.com.au/itm/366687818898,,
poke_mpb-106:084_UR_standard_holo,Dark Bell 106/084,ebay:v1|800548096363|0,eBay AU,smashtcgau,7.99,1.99,9.98,,https://www.ebay.com.au/itm/800548096363,,
poke_mpb-106:084_UR_standard_holo,Dark Bell 106/084,ebay:v1|147601955674|0,eBay AU,baileysellsmiscellaneous,7.99,1.99,9.98,,https://www.ebay.com.au/itm/147601955674,,
poke_mpb-106:084_UR_standard_holo,Dark Bell 106/084,ebay:v1|189061376292|0,eBay AU,chasingfireco,9.99,0,9.99,,https://www.ebay.com.au/itm/189061376292,,
poke_mpb-109:084_UR_standard_holo,Gwynn 109/084,ebay:v1|227557606492|0,eBay AU,pokemon_life,14.88,0,14.88,,https://www.ebay.com.au/itm/227557606492,,Yes
poke_mpb-109:084_UR_standard_holo,Gwynn 109/084,ebay:v1|278443737379|0,eBay AU,epicdiscoverys,14.98,0,14.98,,https://www.ebay.com.au/itm/278443737379,,
poke_mpb-109:084_UR_standard_holo,Gwynn 109/084,ebay:v1|920014181526|0,eBay AU,lootcapsule,14.99,0,14.99,,https://www.ebay.com.au/itm/920014181526,,
poke_mpb-109:084_UR_standard_holo,Gwynn 109/084,ebay:v1|178566439497|0,eBay AU,covellectables,14.99,0,14.99,,https://www.ebay.com.au/itm/178566439497,,
poke_mpb-109:084_UR_standard_holo,Gwynn 109/084,ebay:v1|860018992290|0,eBay AU,saintvincenttcg,15.0,0,15.0,,https://www.ebay.com.au/itm/860018992290,,
poke_mpb-109:084_UR_standard_holo,Gwynn 109/084,1379077,Fetch,DREAMTCG,9.27,6.0,15.27,2026-09-19,https://www.fetchtcg.com/cards/poke_mpb-109:084_UR_standard_holo,Yes,
poke_mpb-109:084_UR_standard_holo,Gwynn 109/084,1513025,Fetch,henrycardseller,9.8,6.0,15.8,2026-10-03,https://www.fetchtcg.com/cards/poke_mpb-109:084_UR_standard_holo,,
poke_mpb-109:084_UR_standard_holo,Gwynn 109/084,1095047,Fetch,Art_Collects,9.8,6.0,15.8,2026-08-08,https://www.fetchtcg.com/cards/poke_mpb-109:084_UR_standard_holo,,
poke_mpb-109:084_UR_standard_holo,Gwynn 109/084,1343852,Fetch,NDHA,9.8,6.0,15.8,2026-09-27,https://www.fetchtcg.com/cards/poke_mpb-109:084_UR_standard_holo,,
poke_mpb-109:084_UR_standard_holo,Gwynn 109/084,ebay:v1|336824999156|0,eBay AU,tcgbinder,15.99,0,15.99,,https://www.ebay.com.au/itm/336824999156,,
poke_mpb-109:084_UR_standard_holo,Gwynn 109/084,ebay:v1|820212590777|0,eBay AU,tcgsinglesau,8.5,8.5,17.0,,https://www.ebay.com.au/itm/820212590777,Yes,
poke_mpb-109:084_UR_standard_holo,Gwynn 109/084,ebay:v1|227552916205|0,eBay AU,brooklyn747,10.57,6.63,17.2,,https://www.ebay.com.au/itm/227552916205,,
poke_mpb-109:084_UR_standard_holo,Gwynn 109/084,ebay:v1|287627723386|0,eBay AU,retrolero,17.47,0,17.47,,https://www.ebay.com.au/itm/287627723386,,
poke_mpb-109:084_UR_standard_holo,Gwynn 109/084,ebay:v1|227548947670|0,eBay AU,ryan_741,17.58,0,17.58,,https://www.ebay.com.au/itm/227548947670,,
poke_mpb-114:084_SIR_standard_holo,Mega Zeraora ex 114/084,ebay:v1|377547275762|0,eBay AU,conscollectorzone,70.0,8.0,78.0,,https://www.ebay.com.au/itm/377547275762,,Yes
poke_mpb-114:084_SIR_standard_holo,Mega Zeraora ex 114/084,ebay:v1|267807791432|0,eBay AU,jigglytuff.rips,80.2,0,80.2,,https://www.ebay.com.au/itm/267807791432,,
poke_mpb-114:084_SIR_standard_holo,Mega Zeraora ex 114/084,ebay:v1|318870013475|0,eBay AU,retrogamesoz,80.99,0,80.99,,https://www.ebay.com.au/itm/318870013475,,
poke_mpb-114:084_SIR_standard_holo,Mega Zeraora ex 114/084,ebay:v1|920016433436|0,eBay AU,umbracards,85.0,0,85.0,,https://www.ebay.com.au/itm/920016433436,,
poke_mpb-114:084_SIR_standard_holo,Mega Zeraora ex 114/084,ebay:v1|128115718286|0,eBay AU,mjbowd1993,87.39,0,87.39,,https://www.ebay.com.au/itm/128115718286,,
poke_mpb-114:084_SIR_standard_holo,Mega Zeraora ex 114/084,ebay:v1|398415181649|0,eBay AU,daneg_3928,80.5,7.5,88.0,,https://www.ebay.com.au/itm/398415181649,,
poke_mpb-114:084_SIR_standard_holo,Mega Zeraora ex 114/084,ebay:v1|800729398854|0,eBay AU,usli05,80.0,10.0,90.0,,https://www.ebay.com.au/itm/800729398854,,
poke_mpb-114:084_SIR_standard_holo,Mega Zeraora ex 114/084,ebay:v1|267800713018|0,eBay AU,nixo.timot,90.8,0,90.8,,https://www.ebay.com.au/itm/267800713018,,
poke_mpb-114:084_SIR_standard_holo,Mega Zeraora ex 114/084,ebay:v1|267800707922|0,eBay AU,nixo.timot,90.8,0,90.8,,https://www.ebay.com.au/itm/267800707922,,
poke_mpb-114:084_SIR_standard_holo,Mega Zeraora ex 114/084,ebay:v1|407193960668|0,eBay AU,kadan-1,85.5,6.0,91.5,,https://www.ebay.com.au/itm/407193960668,,
poke_mpb-114:084_SIR_standard_holo,Mega Zeraora ex 114/084,1004289,Fetch,KillerCardsGeelong,110.0,6.0,116.0,2026-07-30,https://www.fetchtcg.com/cards/poke_mpb-114:084_SIR_standard_holo,,
poke_mpb-116:084_SIR_standard_holo,Mega Darkrai ex 116/084,1459082,Fetch,DREAMTCG,222.86,6.0,228.86,2026-09-29,https://www.fetchtcg.com/cards/poke_mpb-116:084_SIR_standard_holo,Yes,
poke_mpb-116:084_SIR_standard_holo,Mega Darkrai ex 116/084,999434,Fetch,Ggstrathpine,222.86,6.0,228.86,2026-10-05,https://www.fetchtcg.com/cards/poke_mpb-116:084_SIR_standard_holo,Yes,Yes
poke_mpb-116:084_SIR_standard_holo,Mega Darkrai ex 116/084,ebay:v1|227557864349|0,eBay AU,gsjq6_25,255.1,5.0,260.1,,https://www.ebay.com.au/itm/227557864349,,
poke_mpb-116:084_SIR_standard_holo,Mega Darkrai ex 116/084,ebay:v1|407275338882|0,eBay AU,reddoestcg,289.02,0,289.02,,https://www.ebay.com.au/itm/407275338882,,
poke_mpb-116:084_SIR_standard_holo,Mega Darkrai ex 116/084,ebay:v1|168760168939|0,eBay AU,mar-7433,300.0,0,300.0,,https://www.ebay.com.au/itm/168760168939,,
poke_mpb-116:084_SIR_standard_holo,Mega Darkrai ex 116/084,ebay:v1|307218226751|0,eBay AU,lac7176,300.0,0,300.0,,https://www.ebay.com.au/itm/307218226751,,
poke_mpb-116:084_SIR_standard_holo,Mega Darkrai ex 116/084,ebay:v1|820188895164|0,eBay AU,popdropcollectables,305.0,0,305.0,,https://www.ebay.com.au/itm/820188895164,,
poke_mpb-116:084_SIR_standard_holo,Mega Darkrai ex 116/084,ebay:v1|128115481221|0,eBay AU,pokemon_hypehouse,300.0,5.99,305.99,,https://www.ebay.com.au/itm/128115481221,,
poke_mpb-116:084_SIR_standard_holo,Mega Darkrai ex 116/084,ebay:v1|820208183540|0,eBay AU,etscollectables,300.0,6.5,306.5,,https://www.ebay.com.au/itm/820208183540,,
poke_mpb-116:084_SIR_standard_holo,Mega Darkrai ex 116/084,ebay:v1|318911194077|0,eBay AU,mcqueeney97,320.0,3.0,323.0,,https://www.ebay.com.au/itm/318911194077,,
poke_mpb-116:084_SIR_standard_holo,Mega Darkrai ex 116/084,ebay:v1|407049292680|0,eBay AU,yuyzh0,318.7,6.0,324.7,,https://www.ebay.com.au/itm/407049292680,,
poke_mpb-116:084_SIR_standard_holo,Mega Darkrai ex 116/084,ebay:v1|178549953032|0,eBay AU,covellectables,324.99,0,324.99,,https://www.ebay.com.au/itm/178549953032,,
poke_mpb-118:084_SIR_standard_holo,Gladion's Final Battle 118/084,1563860,Fetch,HoroCards,36.7,6.0,42.7,2026-10-07,https://www.fetchtcg.com/cards/poke_mpb-118:084_SIR_standard_holo,Yes,Yes
poke_mpb-118:084_SIR_standard_holo,Gladion's Final Battle 118/084,ebay:v1|377349164296|0,eBay AU,kantocollectorsaustralia,64.0,0,64.0,,https://www.ebay.com.au/itm/377349164296,,
poke_mpb-118:084_SIR_standard_holo,Gladion's Final Battle 118/084,ebay:v1|147602751141|0,eBay AU,raft-collectables,63.0,1.85,64.85,,https://www.ebay.com.au/itm/147602751141,,
poke_mpb-118:084_SIR_standard_holo,Gladion's Final Battle 118/084,ebay:v1|188924481986|0,eBay AU,dsteinhardt2016,64.3,6.0,70.3,,https://www.ebay.com.au/itm/188924481986,,
poke_mpb-118:084_SIR_standard_holo,Gladion's Final Battle 118/084,ebay:v1|178480432309|0,eBay AU,jova_collectables,74.9,0,74.9,,https://www.ebay.com.au/itm/178480432309,,
poke_mpb-118:084_SIR_standard_holo,Gladion's Final Battle 118/084,ebay:v1|327354756908|0,eBay AU,snorlaxsingles,78.99,0,78.99,,https://www.ebay.com.au/itm/327354756908,,
poke_mpb-118:084_SIR_standard_holo,Gladion's Final Battle 118/084,ebay:v1|128020693241|0,eBay AU,on_the_boards,80.0,2.0,82.0,,https://www.ebay.com.au/itm/128020693241,,
poke_mpb-118:084_SIR_standard_holo,Gladion's Final Battle 118/084,ebay:v1|147553956496|0,eBay AU,orcatcg,85.0,0,85.0,,https://www.ebay.com.au/itm/147553956496,,
poke_mpb-118:084_SIR_standard_holo,Gladion's Final Battle 118/084,940438,Fetch,Ichigooch,80.0,6.0,86.0,2026-07-20,https://www.fetchtcg.com/cards/poke_mpb-118:084_SIR_standard_holo,,
poke_mpb-119:084_SIR_standard_holo,Gwynn 119/084,ebay:v1|298733915094|0,eBay AU,de_graaff,59.0,2.5,61.5,,https://www.ebay.com.au/itm/298733915094,,Yes
poke_mpb-119:084_SIR_standard_holo,Gwynn 119/084,ebay:v1|287562928447|0,eBay AU,ah_160389,70.0,0,70.0,,https://www.ebay.com.au/itm/287562928447,,
poke_mpb-119:084_SIR_standard_holo,Gwynn 119/084,ebay:v1|128101993577|0,eBay AU,bkollectables,70.0,6.0,76.0,,https://www.ebay.com.au/itm/128101993577,,
poke_mpb-119:084_SIR_standard_holo,Gwynn 119/084,ebay:v1|800675686496|0,eBay AU,samla_5394,72.78,5.0,77.78,,https://www.ebay.com.au/itm/800675686496,,
poke_mpb-119:084_SIR_standard_holo,Gwynn 119/084,ebay:v1|800403929616|0,eBay AU,drizzycards1,80.0,0,80.0,,https://www.ebay.com.au/itm/800403929616,,
poke_mpb-119:084_SIR_standard_holo,Gwynn 119/084,ebay:v1|336816269462|0,eBay AU,roozetcg,75.0,6.0,81.0,,https://www.ebay.com.au/itm/336816269462,,
poke_mpb-119:084_SIR_standard_holo,Gwynn 119/084,ebay:v1|267807386571|0,eBay AU,summertime.collectables,74.75,7.0,81.75,,https://www.ebay.com.au/itm/267807386571,,
poke_mpb-119:084_SIR_standard_holo,Gwynn 119/084,ebay:v1|189041588170|0,eBay AU,backblaze,85.5,0,85.5,,https://www.ebay.com.au/itm/189041588170,,
poke_mpb-119:084_SIR_standard_holo,Gwynn 119/084,ebay:v1|366557640047|0,eBay AU,onecardawaytcg,83.99,5.5,89.49,,https://www.ebay.com.au/itm/366557640047,,
poke_mpb-119:084_SIR_standard_holo,Gwynn 119/084,ebay:v1|137520770457|0,eBay AU,t63collectables,96.1,8.5,104.6,,https://www.ebay.com.au/itm/137520770457,,
poke_mpb-120:084_MHR_standard_holo,Mega Darkrai ex 120/084,1582196,Fetch,DarkWolfCollectibles,199.94,6.0,205.94,2026-10-09,https://www.fetchtcg.com/cards/poke_mpb-120:084_MHR_standard_holo,Yes,Yes
poke_mpb-120:084_MHR_standard_holo,Mega Darkrai ex 120/084,ebay:v1|407277914791|0,eBay AU,connorscards26,270.0,10.0,280.0,,https://www.ebay.com.au/itm/407277914791,,
poke_mpb-120:084_MHR_standard_holo,Mega Darkrai ex 120/084,ebay:v1|336834654653|0,eBay AU,dcurran6,280.0,5.5,285.5,,https://www.ebay.com.au/itm/336834654653,,
poke_mpb-120:084_MHR_standard_holo,Mega Darkrai ex 120/084,ebay:v1|318929340004|0,eBay AU,platinum.68,290.0,0,290.0,,https://www.ebay.com.au/itm/318929340004,,
poke_mpb-120:084_MHR_standard_holo,Mega Darkrai ex 120/084,ebay:v1|800759017764|0,eBay AU,*maddo*,281.6,16.5,298.1,,https://www.ebay.com.au/itm/800759017764,,
poke_mpb-120:084_MHR_standard_holo,Mega Darkrai ex 120/084,ebay:v1|137762552131|0,eBay AU,pikapokeo,290.0,10.99,300.99,,https://www.ebay.com.au/itm/137762552131,,
poke_mpb-120:084_MHR_standard_holo,Mega Darkrai ex 120/084,ebay:v1|407273400411|0,eBay AU,ojsellsandbuys,309.99,0,309.99,,https://www.ebay.com.au/itm/407273400411,,
poke_mpb-120:084_MHR_standard_holo,Mega Darkrai ex 120/084,ebay:v1|840000419920|0,eBay AU,titan.col-6,318.7,10.0,328.7,,https://www.ebay.com.au/itm/840000419920,,
poke_mpb-120:084_MHR_standard_holo,Mega Darkrai ex 120/084,ebay:v1|377530996885|0,eBay AU,kenjamin22,330.0,7.5,337.5,,https://www.ebay.com.au/itm/377530996885,,
poke_mpb-120:084_MHR_standard_holo,Mega Darkrai ex 120/084,ebay:v1|128056409151|0,eBay AU,iqness,330.0,9.95,339.95,,https://www.ebay.com.au/itm/128056409151,,
poke_mpb-120:084_MHR_standard_holo,Mega Darkrai ex 120/084,ebay:v1|267807395333|0,eBay AU,summertime.collectables,345.0,0,345.0,,https://www.ebay.com.au/itm/267807395333,,
poke_mpb-120:084_MHR_standard_holo,Mega Darkrai ex 120/084,1398576,Fetch,ReignStanleyAuraKing,340.0,6.0,346.0,2026-09-21,https://www.fetchtcg.com/cards/poke_mpb-120:084_MHR_standard_holo,,
