card_id,card,number,card_label,set,rarity,au_rate,au_listings,fetch_sold_30d,fetch_sales_30d,image,fetch_url,basket_source,basket_seller,basket_price,basket_listing,basket_url,basket_group,basket_seller_postage
poke_mpb-116:084_SIR_standard_holo,Mega Darkrai ex,116/084,Mega Darkrai ex 116/084,Pitch Black,Special Illustration Rare,300.0,12,,0,https://card-images.fetchtcg.com/poke/4687/large/poke_mpb-116:084_SIR_standard_holo.png,https://www.fetchtcg.com/cards/poke_mpb-116:084_SIR_standard_holo,Fetch,Ggstrathpine,215.75,999434,https://www.fetchtcg.com/cards/poke_mpb-116:084_SIR_standard_holo,Ggstrathpine (Fetch),6.0
poke_mpb-120:084_MHR_standard_holo,Mega Darkrai ex,120/084,Mega Darkrai ex 120/084,Pitch Black,Mega Hyper Rare,314.35,12,,0,https://card-images.fetchtcg.com/poke/4687/large/poke_mpb-120:084_MHR_standard_holo.png,https://www.fetchtcg.com/cards/poke_mpb-120:084_MHR_standard_holo,Fetch,DarkWolfCollectibles,199.94,1582196,https://www.fetchtcg.com/cards/poke_mpb-120:084_MHR_standard_holo,DarkWolfCollectibles (Fetch),6.0
poke_mpb-114:084_SIR_standard_holo,Mega Zeraora ex,114/084,Mega Zeraora ex 114/084,Pitch Black,Special Illustration Rare,85.0,11,,0,https://card-images.fetchtcg.com/poke/4687/large/poke_mpb-114:084_SIR_standard_holo.png,https://www.fetchtcg.com/cards/poke_mpb-114:084_SIR_standard_holo,eBay AU,conscollectorzone,70.0,ebay:v1|377547275762|0,https://www.ebay.com.au/itm/377547275762,conscollectorzone (eBay AU),8.0
poke_mpb-119:084_SIR_standard_holo,Gwynn,119/084,Gwynn 119/084,Pitch Black,Special Illustration Rare,73.77,10,,0,https://card-images.fetchtcg.com/poke/4687/large/poke_mpb-119:084_SIR_standard_holo.png,https://www.fetchtcg.com/cards/poke_mpb-119:084_SIR_standard_holo,eBay AU,moewtcg,60.0,ebay:v1|407278269587|0,https://www.ebay.com.au/itm/407278269587,moewtcg (eBay AU),3.5
poke_mpb-118:084_SIR_standard_holo,Gladion's Final Battle,118/084,Gladion's Final Battle 118/084,Pitch Black,Special Illustration Rare,74.9,9,,0,https://card-images.fetchtcg.com/poke/4687/large/poke_mpb-118:084_SIR_standard_holo.png,https://www.fetchtcg.com/cards/poke_mpb-118:084_SIR_standard_holo,Fetch,HoroCards,36.11,1563860,https://www.fetchtcg.com/cards/poke_mpb-118:084_SIR_standard_holo,HoroCards (Fetch),6.0
poke_mpb-109:084_UR_standard_holo,Gwynn,109/084,Gwynn 109/084,Pitch Black,Ultra Rare,14.93,14,10.21,13,https://card-images.fetchtcg.com/poke/4687/large/poke_mpb-109:084_UR_standard_holo.png,https://www.fetchtcg.com/cards/poke_mpb-109:084_UR_standard_holo,Fetch,henrycardseller,8.5,1513025,https://www.fetchtcg.com/cards/poke_mpb-109:084_UR_standard_holo,henrycardseller (Fetch),6.0
poke_mpb-102:084_UR_standard_holo,Morpeko ex,102/084,Morpeko ex 102/084,Pitch Black,Ultra Rare,14.0,11,6.37,9,https://card-images.fetchtcg.com/poke/4687/large/poke_mpb-102:084_UR_standard_holo.png,https://www.fetchtcg.com/cards/poke_mpb-102:084_UR_standard_holo,eBay AU,moewtcg,12.0,ebay:v1|407278269585|0,https://www.ebay.com.au/itm/407278269585,moewtcg (eBay AU),3.5
poke_mpb-106:084_UR_standard_holo,Dark Bell,106/084,Dark Bell 106/084,Pitch Black,Ultra Rare,8.0,11,2.85,6,https://card-images.fetchtcg.com/poke/4687/large/poke_mpb-106:084_UR_standard_holo.png,https://www.fetchtcg.com/cards/poke_mpb-106:084_UR_standard_holo,eBay AU,clam_95,8.0,ebay:v1|237115392657|0,https://www.ebay.com.au/itm/237115392657,clam_95 (eBay AU),0.0
poke_mcr-116:086_SIR_standard_holo,Mega Greninja ex,116/086,Mega Greninja ex 116/086,Chaos Rising,Special Illustration Rare,300.0,11,,0,https://card-images.fetchtcg.com/poke/4657/large/poke_mcr-116:086_SIR_standard_holo.png,https://www.fetchtcg.com/cards/poke_mcr-116:086_SIR_standard_holo,eBay AU,jabr72022,289.0,ebay:v1|137798948034|0,https://www.ebay.com.au/itm/137798948034,jabr72022 (eBay AU),0.0
poke_mcr-122:086_MHR_standard_holo,Mega Greninja ex,122/086,Mega Greninja ex 122/086,Chaos Rising,Mega Hyper Rare,317.64,11,,0,https://card-images.fetchtcg.com/poke/4657/large/poke_mcr-122:086_MHR_standard_holo.png,https://www.fetchtcg.com/cards/poke_mcr-122:086_MHR_standard_holo,Fetch,Ggstrathpine,280.94,1334618,https://www.fetchtcg.com/cards/poke_mcr-122:086_MHR_standard_holo,Ggstrathpine (Fetch),6.0
